{"cameraMode":{"drawMode":0,"name":"Shaded","section":"Shading Mode"},"sceneLighting":false,"audioPlay":false,"sceneViewState":{"m_AlwaysRefresh":false,"showFog":true,"showSkybox":false,"showFlares":true,"showImageEffects":true,"showParticleSystems":true,"showVisualEffectGraphs":true,"m_FxEnabled":true},"in2DMode":false,"pivot":{"x":3.306013345718384,"y":0.7821981310844421,"z":0.6092069149017334},"rotation":{"x":0.02188473753631115,"y":0.6303064823150635,"z":0.017766879871487619,"w":-0.7759023904800415},"size":2.248584032058716,"orthographic":false}