{"cameraMode":{"drawMode":0,"name":"Shaded","section":"Shading Mode"},"sceneLighting":false,"audioPlay":false,"sceneViewState":{"m_AlwaysRefresh":false,"showFog":true,"showSkybox":false,"showFlares":true,"showImageEffects":true,"showParticleSystems":true,"showVisualEffectGraphs":true,"m_FxEnabled":true},"in2DMode":false,"pivot":{"x":-1.1905882358551026,"y":-2.4182956218719484,"z":1.1796605587005616},"rotation":{"x":-0.01828499510884285,"y":0.9799354076385498,"z":0.1673988252878189,"w":0.10717090219259262},"size":2.7614307403564455,"orthographic":false}